{
  "source_dir": "/home/rijumone/Kitchen/DataChannel/",
  "db_conn_host": "localhost",
  "db_conn_user": "root",
  "db_conn_pass": "root",
  "db_conn_db": "dc_cust",
  "data_source_spec_config": {
    "YahooGemini": {
      "token_refresh_frequency": {
        "value": 55,
        "time_unit": "minute"
      }
    }
  },
  "_db_log": {
    "host": "decision-tree.cj1ctpl1bgtb.ap-southeast-1.rds.amazonaws.com",
    "user": "decisiontree",
    "pass": "decisiontree123",
    "db": "dc_logs"
  },
  "db_log": {
    "host": "localhost",
    "user": "root",
    "pass": "root",
    "db": "dc_logs"
  }
}