{
  "flashdrive-os": [
    {
      "username": "virtustream",
      "password": "123456789",
      "data_sources": [
        {
          "name": "SalesForcePardot",
          "config_file": "virtustream_salesforce_pardot_1510229362.json"
        }
      ],
      "t_minus": 3,
      "delete_n_days": "2",
      "data_destination": [
        {
          "name": "Mssql",
          "active": false,
          "insert_to_db_req": false,
          "db_conn_host": "localhost",
          "db_conn_port": "1433",
          "db_conn_user": "sa",
          "db_conn_pass": "l0cal_root_mssqL",
          "db_conn_db": "test_db",
          "db_conn_schema": "dbo"
        }
      ]
    }
  ]
}