{
  "api_version": "3",
  "table_prefix": "sfp_",
  "bucket_name": "virtustream",
  "reports": [
    {
      "report_id": 4001,
      "email": "toni.page@emc.com",
      "password": "ForecastEra01!",
      "user_key": "495f0d88c734a6be2657462f0e642293",
      "delete_or_append": "append",
      "method": "query",
      "object": "Campaign",
      "report": "Campaign",
      "result_key": "campaign",
      "filter_key": "updated_after",
      "sort_by_key": "id",
      "fields": [
        {
          "field": "id",
          "data_type": "integer"
        },
        {
          "field": "cost",
          "data_type": "integer"
        },
        {
          "field": "name",
          "data_type": "string"
        }
      ],
      "cron_string": "1 */4 * * *"
    },
    {
      "report_id": 4003,
      "email": "toni.page@emc.com",
      "password": "ForecastEra01!",
      "user_key": "495f0d88c734a6be2657462f0e642293",
      "delete_or_append": "append",
      "method": "query",
      "object": "Prospect",
      "report": "Prospect",
      "result_key": "prospect",
      "filter_key": "updated_after",
      "sort_by_key": "id",
      "fields": [
        {
          "field": "id",
          "data_type": "integer"
        },
        {
          "field": "campaign_id",
          "data_type": "integer"
        },
        {
          "field": "campaign_name",
          "data_type": "string"
        },
        {
          "field": "user_id",
          "data_type": "integer"
        },
        {
          "field": "salutation",
          "data_type": "string"
        },
        {
          "field": "first_name",
          "data_type": "string"
        },
        {
          "field": "last_name",
          "data_type": "string"
        },
        {
          "field": "email",
          "data_type": "string"
        },
        {
          "field": "password",
          "data_type": "string"
        },
        {
          "field": "company",
          "data_type": "string"
        },
        {
          "field": "prospect_account_id",
          "data_type": "integer"
        },
        {
          "field": "website",
          "data_type": "string"
        },
        {
          "field": "job_title",
          "data_type": "string"
        },
        {
          "field": "department",
          "data_type": "string"
        },
        {
          "field": "country",
          "data_type": "string"
        },
        {
          "field": "address_one",
          "data_type": "string"
        },
        {
          "field": "address_two",
          "data_type": "string"
        },
        {
          "field": "city",
          "data_type": "string"
        },
        {
          "field": "state",
          "data_type": "string"
        },
        {
          "field": "territory",
          "data_type": "string"
        },
        {
          "field": "zip",
          "data_type": "string"
        },
        {
          "field": "phone",
          "data_type": "string"
        },
        {
          "field": "fax",
          "data_type": "string"
        },
        {
          "field": "source",
          "data_type": "string"
        },
        {
          "field": "annual_revenue",
          "data_type": "string"
        },
        {
          "field": "employees",
          "data_type": "string"
        },
        {
          "field": "industry",
          "data_type": "string"
        },
        {
          "field": "years_in_business",
          "data_type": "string"
        },
        {
          "field": "comments",
          "data_type": "string"
        },
        {
          "field": "notes",
          "data_type": "string"
        },
        {
          "field": "score",
          "data_type": "integer"
        },
        {
          "field": "grade",
          "data_type": "string"
        },
        {
          "field": "last_activity_at",
          "data_type": "string"
        },
        {
          "field": "recent_interaction",
          "data_type": "string"
        },
        {
          "field": "crm_lead_fid",
          "data_type": "string"
        },
        {
          "field": "crm_contact_fid",
          "data_type": "string"
        },
        {
          "field": "crm_owner_fid",
          "data_type": "string"
        },
        {
          "field": "crm_account_fid",
          "data_type": "string"
        },
        {
          "field": "crm_last_sync",
          "data_type": "string"
        },
        {
          "field": "crm_url",
          "data_type": "string"
        },
        {
          "field": "is_do_not_email",
          "data_type": "string"
        },
        {
          "field": "is_do_not_call",
          "data_type": "string"
        },
        {
          "field": "opted_out",
          "data_type": "string"
        },
        {
          "field": "is_reviewed",
          "data_type": "string"
        },
        {
          "field": "is_starred",
          "data_type": "string"
        },
        {
          "field": "created_at",
          "data_type": "string"
        },
        {
          "field": "updated_at",
          "data_type": "string"
        }
      ],
      "nested_objects": [
        {
          "Campaign": [
            "id"
          ]
        }
      ],
      "cron_string": "2 */4 * * *"
    },
    {
      "report_id": 4004,
      "email": "toni.page@emc.com",
      "password": "ForecastEra01!",
      "user_key": "495f0d88c734a6be2657462f0e642293",
      "delete_or_append": "append",
      "method": "query",
      "object": "visitorActivity",
      "report": "visitorActivity",
      "result_key": "visitor_activity",
      "filter_key": "created_after",
      "sort_by_key": "id",
      "fields": [
        {
          "field": "id",
          "data_type": "integer"
        },
        {
          "field": "visitor_id",
          "data_type": "integer"
        },
        {
          "field": "campaign_id",
          "data_type": "integer"
        },
        {
          "field": "prospect_id",
          "data_type": "integer"
        },
        {
          "field": "type",
          "data_type": "integer"
        },
        {
          "field": "type_name",
          "data_type": "string"
        },
        {
          "field": "details",
          "data_type": "string"
        },
        {
          "field": "email_id",
          "data_type": "integer"
        },
        {
          "field": "email_template_id",
          "data_type": "integer"
        },
        {
          "field": "list_email_id",
          "data_type": "integer"
        },
        {
          "field": "form_id",
          "data_type": "integer"
        },
        {
          "field": "form_handler_id",
          "data_type": "integer"
        },
        {
          "field": "site_search_query_id",
          "data_type": "integer"
        },
        {
          "field": "landing_page_id",
          "data_type": "integer"
        },
        {
          "field": "paid_search_id_id",
          "data_type": "integer"
        },
        {
          "field": "multivariate_test_variation_id",
          "data_type": "integer"
        },
        {
          "field": "visitor_page_view_id",
          "data_type": "integer"
        },
        {
          "field": "file_id",
          "data_type": "integer"
        },
        {
          "field": "created_at",
          "data_type": "string"
        }
      ],
      "cron_string": "3 */4 * * *"
    },
    {
      "report_id": 4005,
      "email": "toni.page@emc.com",
      "password": "ForecastEra01!",
      "user_key": "495f0d88c734a6be2657462f0e642293",
      "delete_or_append": "append",
      "method": "stats",
      "object": "email",
      "report": "emailStats",
      "result_key": "stats",
      "filter_id_col": "list_email_id",
      "ref_report": "visitorActivity",
      "fields": [
        {
          "field": "list_email_id",
          "data_type": "integer",
          "post_fetch": true
        },
        {
          "field": "sent",
          "data_type": "integer"
        },
        {
          "field": "total_clicks",
          "data_type": "integer"
        },
        {
          "field": "delivered",
          "data_type": "integer"
        },
        {
          "field": "unique_clicks",
          "data_type": "integer"
        },
        {
          "field": "soft_bounced",
          "data_type": "integer"
        },
        {
          "field": "hard_bounced",
          "data_type": "integer"
        },
        {
          "field": "opt_outs",
          "data_type": "integer"
        },
        {
          "field": "spam_complaints",
          "data_type": "integer"
        },
        {
          "field": "opens",
          "data_type": "integer"
        },
        {
          "field": "unique_opens",
          "data_type": "integer"
        },
        {
          "field": "delivery_rate",
          "data_type": "string"
        },
        {
          "field": "opens_rate",
          "data_type": "string"
        },
        {
          "field": "click_open_ratio",
          "data_type": "string"
        },
        {
          "field": "click_through_rate",
          "data_type": "string"
        },
        {
          "field": "unique_click_through_rate",
          "data_type": "string"
        },
        {
          "field": "opt_out_rate",
          "data_type": "string"
        },
        {
          "field": "spam_complaint_rate",
          "data_type": "string"
        }
      ],
      "cron_string": "4 */4 * * *"
    },
    {
      "report_id": 4006,
      "email": "toni.page@emc.com",
      "password": "ForecastEra01!",
      "user_key": "495f0d88c734a6be2657462f0e642293",
      "delete_or_append": "append",
      "method": "query",
      "object": "lifecycleHistory",
      "report": "lifecycleHistory",
      "result_key": "lifecycleHistory",
      "filter_key": "created_after",
      "sort_by_key": "id",
      "fields": [
        {
          "field": "id",
          "data_type": "integer"
        },
        {
          "field": "prospect_id",
          "data_type": "integer"
        },
        {
          "field": "previous_stage_id",
          "data_type": "integer"
        },
        {
          "field": "next_stage_id",
          "data_type": "integer"
        },
        {
          "field": "seconds_elapsed",
          "data_type": "integer"
        },
        {
          "field": "created_at",
          "data_type": "string"
        }
      ],
      "cron_string": "5 */4 * * *"
    },
    {
      "report_id": 4007,
      "email": "toni.page@emc.com",
      "password": "ForecastEra01!",
      "user_key": "495f0d88c734a6be2657462f0e642293",
      "delete_or_append": "append",
      "method": "query",
      "object": "lifecycleStage",
      "report": "lifecycleStage",
      "result_key": "lifecycleStage",
      "filter_key": "updated_after",
      "sort_by_key": "id",
      "fields": [
        {
          "field": "id",
          "data_type": "integer"
        },
        {
          "field": "position",
          "data_type": "integer"
        },
        {
          "field": "is_locked",
          "data_type": "string"
        },
        {
          "field": "name",
          "data_type": "string"
        }
      ],
      "cron_string": "6 */4 * * *"
    },
    {
      "report_id": 4008,
      "email": "toni.page@emc.com",
      "password": "ForecastEra01!",
      "user_key": "495f0d88c734a6be2657462f0e642293",
      "delete_or_append": "append",
      "method": "query",
      "object": "list",
      "report": "list",
      "result_key": "list",
      "filter_key": "updated_after",
      "sort_by_key": "id",
      "fields": [
        {
          "field": "id",
          "data_type": "integer"
        },
        {
          "field": "name",
          "data_type": "string"
        },
        {
          "field": "is_public",
          "data_type": "string"
        },
        {
          "field": "is_dynamic",
          "data_type": "string"
        },
        {
          "field": "title",
          "data_type": "string"
        },
        {
          "field": "description",
          "data_type": "string"
        },
        {
          "field": "is_crm_visible",
          "data_type": "string"
        },
        {
          "field": "created_at",
          "data_type": "string"
        },
        {
          "field": "updated_at",
          "data_type": "string"
        }
      ],
      "cron_string": "7 */4 * * *"
    },
    {
      "report_id": 4009,
      "email": "toni.page@emc.com",
      "password": "ForecastEra01!",
      "user_key": "495f0d88c734a6be2657462f0e642293",
      "delete_or_append": "append",
      "method": "query",
      "object": "listMembership",
      "report": "listMembership",
      "result_key": "list_membership",
      "filter_key": "updated_after",
      "sort_by_key": "id",
      "fields": [
        {
          "field": "id",
          "data_type": "integer"
        },
        {
          "field": "list_id",
          "data_type": "integer"
        },
        {
          "field": "prospect_id",
          "data_type": "integer"
        },
        {
          "field": "opted_out",
          "data_type": "string"
        },
        {
          "field": "created_at",
          "data_type": "string"
        },
        {
          "field": "updated_at",
          "data_type": "string"
        }
      ],
      "cron_string": "8 */4 * * *"
    },
    {
      "report_id": 4010,
      "email": "toni.page@emc.com",
      "password": "ForecastEra01!",
      "user_key": "495f0d88c734a6be2657462f0e642293",
      "delete_or_append": "append",
      "method": "query",
      "object": "Tag",
      "report": "Tag",
      "result_key": "tag",
      "filter_key": "updated_after",
      "sort_by_key": "id",
      "fields": [
        {
          "field": "id",
          "data_type": "integer"
        },
        {
          "field": "name",
          "data_type": "string"
        },
        {
          "field": "created_at",
          "data_type": "string"
        },
        {
          "field": "updated_at",
          "data_type": "string"
        }
      ],
      "cron_string": "9 */4 * * *"
    },
    {
      "report_id": 4011,
      "email": "toni.page@emc.com",
      "password": "ForecastEra01!",
      "user_key": "495f0d88c734a6be2657462f0e642293",
      "delete_or_append": "append",
      "method": "query",
      "object": "tagObject",
      "report": "tagObject",
      "result_key": "tagObject",
      "filter_key": "created_after",
      "sort_by_key": "id",
      "fields": [
        {
          "field": "id",
          "data_type": "integer"
        },
        {
          "field": "tag_id",
          "data_type": "integer"
        },
        {
          "field": "object_id",
          "data_type": "integer"
        },
        {
          "field": "type",
          "data_type": "string"
        },
        {
          "field": "created_at",
          "data_type": "string"
        }
      ],
      "cron_string": "10 */4 * * *"
    },
    {
      "report_id": 4012,
      "email": "toni.page@emc.com",
      "password": "ForecastEra01!",
      "user_key": "495f0d88c734a6be2657462f0e642293",
      "delete_or_append": "append",
      "method": "query",
      "object": "User",
      "report": "User",
      "result_key": "user",
      "filter_key": "updated_after",
      "sort_by_key": "id",
      "fields": [
        {
          "field": "account",
          "data_type": "integer"
        },
        {
          "field": "id",
          "data_type": "integer"
        },
        {
          "field": "email",
          "data_type": "string"
        },
        {
          "field": "first_name",
          "data_type": "string"
        },
        {
          "field": "last_name",
          "data_type": "string"
        },
        {
          "field": "job_title",
          "data_type": "string"
        },
        {
          "field": "role",
          "data_type": "string"
        },
        {
          "field": "created_at",
          "data_type": "string"
        },
        {
          "field": "updated_at",
          "data_type": "string"
        }
      ],
      "cron_string": "11 */4 * * *"
    },
    {
      "report_id": 4013,
      "email": "toni.page@emc.com",
      "password": "ForecastEra01!",
      "user_key": "495f0d88c734a6be2657462f0e642293",
      "delete_or_append": "append",
      "method": "query",
      "object": "Visitor",
      "report": "Visitor",
      "result_key": "visitor",
      "filter_key": "updated_after",
      "sort_by_key": "id",
      "fields": [
        {
          "field": "id",
          "data_type": "integer"
        },
        {
          "field": "page_view_count",
          "data_type": "integer"
        },
        {
          "field": "ip_address",
          "data_type": "string"
        },
        {
          "field": "hostname",
          "data_type": "string"
        },
        {
          "field": "campaign_parameter",
          "data_type": "string"
        },
        {
          "field": "medium_parameter",
          "data_type": "string"
        },
        {
          "field": "source_parameter",
          "data_type": "string"
        },
        {
          "field": "content_parameter",
          "data_type": "string"
        },
        {
          "field": "term_parameter",
          "data_type": "string"
        },
        {
          "field": "created_at",
          "data_type": "string"
        },
        {
          "field": "updated_at",
          "data_type": "string"
        }
      ],
      "cron_string": "12 */4 * * *"
    },
    {
      "report_id": 4014,
      "email": "toni.page@emc.com",
      "password": "ForecastEra01!",
      "user_key": "495f0d88c734a6be2657462f0e642293",
      "delete_or_append": "append",
      "method": "query",
      "object": "Form",
      "report": "Form",
      "result_key": "form",
      "filter_key": "updated_after",
      "sort_by_key": "id",
      "fields": [
        {
          "field": "id",
          "data_type": "integer"
        },
        {
          "field": "name",
          "data_type": "string"
        },
        {
          "field": "campaign_id",
          "data_type": "integer"
        },
        {
          "field": "campaign_name",
          "data_type": "string"
        },
        {
          "field": "embedCode",
          "data_type": "string"
        },
        {
          "field": "created_at",
          "data_type": "string"
        },
        {
          "field": "updated_at",
          "data_type": "string"
        }
      ],
      "cron_string": "12 */4 * * *"
    },
    {
      "report_id": 4015,
      "email": "toni.page@emc.com",
      "password": "ForecastEra01!",
      "user_key": "495f0d88c734a6be2657462f0e642293",
      "delete_or_append": "append",
      "method": "query",
      "object": "ProspectAccount",
      "report": "ProspectAccount",
      "result_key": "prospectAccount",
      "filter_key": "updated_after",
      "sort_by_key": "id",
      "fields": [
        {
          "field": "id",
          "data_type": "integer"
        },
        {
          "field": "assigned_to_user_id",
          "data_type": "integer"
        },
        {
          "field": "name",
          "data_type": "string"
        },
        {
          "field": "assigned_to_user_created_at",
          "data_type": "string"
        },
        {
          "field": "assigned_to_user_email",
          "data_type": "string"
        },
        {
          "field": "billing_country",
          "data_type": "string"
        },
        {
          "field": "billing_address_two",
          "data_type": "string"
        },
        {
          "field": "description",
          "data_type": "string"
        },
        {
          "field": "billing_zip",
          "data_type": "string"
        },
        {
          "field": "website",
          "data_type": "string"
        },
        {
          "field": "billing_state",
          "data_type": "string"
        },
        {
          "field": "assigned_to_user_account",
          "data_type": "string"
        },
        {
          "field": "type",
          "data_type": "string"
        },
        {
          "field": "billing_city",
          "data_type": "string"
        },
        {
          "field": "phone",
          "data_type": "string"
        },
        {
          "field": "shipping_address_two",
          "data_type": "string"
        },
        {
          "field": "assigned_to_user_role",
          "data_type": "string"
        },
        {
          "field": "billing_address_one",
          "data_type": "string"
        },
        {
          "field": "shipping_address_one",
          "data_type": "string"
        },
        {
          "field": "shipping_state",
          "data_type": "string"
        },
        {
          "field": "ownership",
          "data_type": "string"
        },
        {
          "field": "assigned_to_user_job_title",
          "data_type": "string"
        },
        {
          "field": "employees",
          "data_type": "string"
        },
        {
          "field": "industry",
          "data_type": "string"
        },
        {
          "field": "annual_revenue",
          "data_type": "string"
        },
        {
          "field": "Customer_Account_Code",
          "data_type": "string"
        },
        {
          "field": "assigned_to_user_updated_at",
          "data_type": "string"
        },
        {
          "field": "rating",
          "data_type": "string"
        },
        {
          "field": "assigned_to_user_last_name",
          "data_type": "string"
        },
        {
          "field": "sic",
          "data_type": "string"
        },
        {
          "field": "site",
          "data_type": "string"
        },
        {
          "field": "shipping_city",
          "data_type": "string"
        },
        {
          "field": "assigned_to_user_first_name",
          "data_type": "string"
        },
        {
          "field": "number",
          "data_type": "string"
        },
        {
          "field": "ticker_symbol",
          "data_type": "string"
        },
        {
          "field": "shipping_country",
          "data_type": "string"
        },
        {
          "field": "fax",
          "data_type": "string"
        },
        {
          "field": "shipping_zip",
          "data_type": "string"
        },
        {
          "field": "created_at",
          "data_type": "string"
        },
        {
          "field": "updated_at",
          "data_type": "string"
        }
      ],
      "cron_string": "12 */4 * * *"
    }
  ]
}