[
  {
    "report": "CAMPAIGN_PERFORMANCE_REPORT",
    "null_as": " --",
    "fields": [
      {
        "csv_header": "Day",
        "db_column": "Date"
      },
      {
        "csv_header": "Account",
        "db_column": "AccountDescriptiveName"
      },
      {
        "csv_header": "Campaign",
        "db_column": "CampaignName"
      },
      {
        "csv_header": "Campaign state",
        "db_column": "CampaignStatus"
      },
      {
        "csv_header": "Campaign Trial Type",
        "db_column": "CampaignTrialType"
      },
      {
        "csv_header": "Device",
        "db_column": "device"
      },
      {
        "csv_header": "Impressions",
        "db_column": "impressions",
        "data_type": "integer"
      },
      {
        "csv_header": "Cost",
        "db_column": "cost",
        "data_type": "numeric"
      },
      {
        "csv_header": "Budget ID",
        "db_column": "BudgetId",
        "data_type": "numeric"
      },
      {
        "csv_header": "Avg. position",
        "db_column": "avg_position",
        "data_type": "numeric"
      },
      {
        "csv_header": "Campaign ID",
        "db_column": "CampaignId",
        "data_type": "numeric"
      },
      {
        "csv_header": "Conversions",
        "db_column": "conversions",
        "data_type": "numeric"
      },
      {
        "csv_header": "Clicks",
        "db_column": "Clicks",
        "data_type": "integer"
      },
      {
        "csv_header": "Bounce rate",
        "db_column": "BounceRate"
      },
      {
        "csv_header": "Conversions",
        "db_column": "Conversions"
      },
      {
        "csv_header": "Cross-device conv.",
        "db_column": "CrossDeviceConversions"
      },
      {
        "csv_header": "Total conv. value",
        "db_column": "ConversionValue",
        "data_type": "numeric"
      },
      {
        "csv_header": "Base Campaign ID",
        "db_column": "BaseCampaignId",
        "data_type": "numeric"
      },
      {
        "csv_header": "Bid Strategy ID",
        "db_column": "BiddingStrategyId",
        "data_type": "numeric"
      },
      {
        "csv_header": "Bid Strategy Name",
        "db_column": "BiddingStrategyName"
      },
      {
        "csv_header": "Conversion optimizer bid type",
        "db_column": "BidType"
      },
      {
        "csv_header": "Bid Strategy Type",
        "db_column": "BiddingStrategyType"
      },
      {
        "csv_header": "Avg. session duration (seconds)",
        "db_column": "AverageTimeOnSite",
        "data_type": "numeric"
      },
      {
        "csv_header": "Avg. position",
        "db_column": "AveragePosition",
        "data_type": "numeric"
      },
      {
        "csv_header": "Pages / session",
        "db_column": "AveragePageviews",
        "data_type": "numeric"
      },
      {
        "csv_header": "All conv.",
        "db_column": "AllConversions",
        "data_type": "numeric"
      },
      {
        "csv_header": "All conv. value",
        "db_column": "AllConversionValue",
        "data_type": "numeric"
      },
      {
        "csv_header": "Avg. impr. freq. per cookie",
        "db_column": "AverageFrequency",
        "data_type": "numeric"
      },
      {
        "csv_header": "Custom parameter",
        "db_column": "UrlCustomParameters"
      },
      {
        "csv_header": "Advertising Sub Channel",
        "db_column": "AdvertisingChannelSubType"
      },
      {
        "csv_header": "Advertising Channel",
        "db_column": "AdvertisingChannelType"
      },
      {
        "csv_header": "Advertising Channel",
        "db_column": "AdvertisingChannelType"
      },
      {
        "csv_header": "Start date",
        "db_column": "StartDate"
      },
      {
        "csv_header": "End date",
        "db_column": "EndDate"
      },
      {
        "csv_header": "Labels",
        "db_column": "Labels"
      },
      {
        "csv_header": "Tracking template",
        "db_column": "TrackingUrlTemplate"
      },
      {
        "csv_header": "Engagements",
        "db_column": "Engagements",
        "data_type": "numeric"
      },
      {
        "csv_header": "Gmail forwards",
        "db_column": "GmailForwards",
        "data_type": "numeric"
      },
      {
        "csv_header": "Gmail saves",
        "db_column": "GmailSaves",
        "data_type": "numeric"
      },
      {
        "csv_header": "Gmail clicks to website",
        "db_column": "GmailSecondaryClicks",
        "data_type": "numeric"
      },
      {
        "csv_header": "Invalid clicks",
        "db_column": "InvalidClicks",
        "data_type": "numeric"
      },
      {
        "csv_header": "% new sessions",
        "db_column": "PercentNewVisitors"
      },
      {
        "csv_header": "Video played to 100%",
        "db_column": "VideoQuartile100Rate"
      },
      {
        "csv_header": "Video played to 75%",
        "db_column": "VideoQuartile75Rate"
      },
      {
        "csv_header": "Video played to 50%",
        "db_column": "VideoQuartile50Rate"
      },
      {
        "csv_header": "Video played to 25%",
        "db_column": "VideoQuartile25Rate"
      },
      {
        "csv_header": "Views",
        "db_column": "VideoViews",
        "data_type": "numeric"
      },
      {
        "csv_header": "View-through conv.",
        "db_column": "ViewThroughConversions",
        "data_type": "numeric"
      },
      {
        "csv_header": "account_id",
        "db_column": "account_id",
        "data_type": "integer"
      }
    ]
  },
  {
    "report": "AD_PERFORMANCE_REPORT",
    "null_as": " --",
    "fields": [
      {
        "csv_header": "Day",
        "db_column": "Date"
      },
      {
        "csv_header": "Account",
        "db_column": "account"
      },
      {
        "csv_header": "Ad ID",
        "db_column": "ad_id"
      },
      {
        "csv_header": "Ad group ID",
        "db_column": "AdGroupId"
      },
      {
        "csv_header": "Ad group",
        "db_column": "AdGroupName"
      },
      {
        "csv_header": "Ad group state",
        "db_column": "AdGroupStatus"
      },
      {
        "csv_header": "Ad type",
        "db_column": "AdType"
      },
      {
        "csv_header": "Ad",
        "db_column": "ad"
      },
      {
        "csv_header": "Keyword ID",
        "db_column": "keyword_id"
      },
      {
        "csv_header": "Labels",
        "db_column": "labels"
      },
      {
        "csv_header": "Campaign ID",
        "db_column": "CampaignId"
      },
      {
        "csv_header": "Campaign",
        "db_column": "CampaignName"
      },
      {
        "csv_header": "Campaign state",
        "db_column": "CampaignStatus"
      },
      {
        "csv_header": "Image Ad URL",
        "db_column": "ImageAdUrl"
      },
      {
        "csv_header": "Account",
        "db_column": "AccountDescriptiveName"
      },
      {
        "csv_header": "All conv.",
        "db_column": "AllConversions"
      },
      {
        "csv_header": "All conv. value",
        "db_column": "AllConversionValue"
      },
      {
        "csv_header": "% new sessions",
        "db_column": "PercentNewVisitors"
      },
      {
        "csv_header": "Avg. position",
        "db_column": "AveragePosition"
      },
      {
        "csv_header": "Avg. session duration (seconds)",
        "db_column": "AverageTimeOnSite"
      },
      {
        "csv_header": "Clicks",
        "db_column": "Clicks"
      },
      {
        "csv_header": "Conversions",
        "db_column": "Conversions"
      },
      {
        "csv_header": "Total conv. value",
        "db_column": "ConversionValue"
      },
      {
        "csv_header": "Cost",
        "db_column": "Cost"
      },
      {
        "csv_header": "Cross-device conv.",
        "db_column": "CrossDeviceConversions"
      },
      {
        "csv_header": "Engagements",
        "db_column": "Engagements"
      },
      {
        "csv_header": "Impressions",
        "db_column": "Impressions"
      },
      {
        "csv_header": "Value / all conv.",
        "db_column": "ValuePerAllConversion"
      },
      {
        "csv_header": "Video played to 100%",
        "db_column": "VideoQuartile100Rate"
      },
      {
        "csv_header": "Video played to 75%",
        "db_column": "VideoQuartile75Rate"
      },
      {
        "csv_header": "Video played to 50%",
        "db_column": "VideoQuartile50Rate"
      },
      {
        "csv_header": "Video played to 25%",
        "db_column": "VideoQuartile25Rate"
      },
      {
        "csv_header": "Views",
        "db_column": "VideoViews"
      },
      {
        "csv_header": "View-through conv.",
        "db_column": "ViewThroughConversions"
      },
      {
        "csv_header": "Ad state",
        "db_column": "AdState"
      },
      {
        "csv_header": "Short headline",
        "db_column": "ShortHeadline"
      },
      {
        "csv_header": "Image ad name",
        "db_column": "ImageAdName"
      },
      {
        "csv_header": "Bounce rate",
        "db_column": "BounceRate"
      },
      {
        "csv_header": "Is negative",
        "db_column": "IsNegative"
      },
      {
        "csv_header": "account_id",
        "db_column": "account_id"
      }
    ]
  },
  {
    "report": "KEYWORDS_PERFORMANCE_REPORT",
    "null_as": " --",
    "fields": [
      {
        "csv_header": "Day",
        "db_column": "Date"
      },
      {
        "csv_header": "Account",
        "db_column": "account"
      },
      {
        "csv_header": "Ad group ID",
        "db_column": "ad_group_id",
        "data_type": "integer"
      },
      {
        "csv_header": "Ad group",
        "db_column": "ad_group"
      },
      {
        "csv_header": "Campaign ID",
        "db_column": "campaign_id",
        "data_type": "integer"
      },
      {
        "csv_header": "Campaign",
        "db_column": "campaign"
      },
      {
        "csv_header": "Campaign state",
        "db_column": "campaign_state"
      },
      {
        "csv_header": "Approval Status",
        "db_column": "approval_status"
      },
      {
        "csv_header": "Max. CPC",
        "db_column": "max_cpc"
      },
      {
        "csv_header": "Max. CPM",
        "db_column": "max_cpm"
      },
      {
        "csv_header": "Ad relevance",
        "db_column": "ad_relevance"
      },
      {
        "csv_header": "Keyword ID",
        "db_column": "keyword_id",
        "data_type": "integer"
      },
      {
        "csv_header": "Keyword",
        "db_column": "keyword"
      },
      {
        "csv_header": "Match type",
        "db_column": "match_type"
      },
      {
        "csv_header": "Destination URL",
        "db_column": "destination_url"
      },
      {
        "csv_header": "Enhanced CPC enabled",
        "db_column": "enhanced_cpc_enabled"
      },
      {
        "csv_header": "App final URL",
        "db_column": "app_final_url"
      },
      {
        "csv_header": "Mobile final URL",
        "db_column": "mobile_final_url"
      },
      {
        "csv_header": "Final URL",
        "db_column": "final_url"
      },
      {
        "csv_header": "First page CPC",
        "db_column": "first_page_cpc",
        "data_type": "integer"
      },
      {
        "csv_header": "First position CPC",
        "db_column": "first_position_cpc",
        "data_type": "integer"
      },
      {
        "csv_header": "Has Quality Score",
        "db_column": "has_quality_score"
      },
      {
        "csv_header": "Is negative",
        "db_column": "is_negative"
      },
      {
        "csv_header": "Labels",
        "db_column": "labels"
      },
      {
        "csv_header": "Landing page experience",
        "db_column": "landing_page_experience"
      },
      {
        "csv_header": "Quality score",
        "db_column": "quality_score",
        "data_type": "numeric"
      },
      {
        "csv_header": "Keyword state",
        "db_column": "keyword_state"
      },
      {
        "csv_header": "Top of page CPC",
        "db_column": "top_of_page_cpc"
      },
      {
        "csv_header": "Tracking template",
        "db_column": "tracking_template"
      },
      {
        "csv_header": "Custom parameter",
        "db_column": "custom_parameter"
      },
      {
        "csv_header": "All conv.",
        "db_column": "all_conv",
        "data_type": "numeric"
      },
      {
        "csv_header": "All conv. value",
        "db_column": "all_conv_value",
        "data_type": "numeric"
      },
      {
        "csv_header": "Pages / session",
        "db_column": "pages_per_session",
        "data_type": "numeric"
      },
      {
        "csv_header": "Avg. position",
        "db_column": "avg_position",
        "data_type": "numeric"
      },
      {
        "csv_header": "Avg. session duration (seconds)",
        "db_column": "avg_position_duration_seconds",
        "data_type": "numeric"
      },
      {
        "csv_header": "Bounce rate",
        "db_column": "bounce_rate"
      },
      {
        "csv_header": "Clicks",
        "db_column": "clicks",
        "data_type": "integer"
      },
      {
        "csv_header": "Conversions",
        "db_column": "conversions",
        "data_type": "numeric"
      },
      {
        "csv_header": "Total conv. value",
        "db_column": "total_conv_value",
        "data_type": "numeric"
      },
      {
        "csv_header": "Cost",
        "db_column": "cost",
        "data_type": "numeric"
      },
      {
        "csv_header": "Cross-device conv.",
        "db_column": "cross_device_conv",
        "data_type": "numeric"
      },
      {
        "csv_header": "Engagements",
        "db_column": "engagements",
        "data_type": "numeric"
      },
      {
        "csv_header": "Gmail forwards",
        "db_column": "gmail_forwards",
        "data_type": "numeric"
      },
      {
        "csv_header": "Gmail saves",
        "db_column": "gmail_saves",
        "data_type": "numeric"
      },
      {
        "csv_header": "Gmail clicks to website",
        "db_column": "gmail_clicks_to_website",
        "data_type": "numeric"
      },
      {
        "csv_header": "Impressions",
        "db_column": "impressions",
        "data_type": "numeric"
      },
      {
        "csv_header": "Interactions",
        "db_column": "interactions",
        "data_type": "numeric"
      },
      {
        "csv_header": "% new sessions",
        "db_column": "percent_new_sessions"
      },
      {
        "csv_header": "Video played to 100%",
        "db_column": "video_played_to_100_percent"
      },
      {
        "csv_header": "Video played to 25%",
        "db_column": "video_played_to_25_percent"
      },
      {
        "csv_header": "Video played to 50%",
        "db_column": "video_played_to_50_percent"
      },
      {
        "csv_header": "Video played to 75%",
        "db_column": "video_played_to_75_percent"
      },
      {
        "csv_header": "Views",
        "db_column": "views",
        "data_type": "numeric"
      },
      {
        "csv_header": "View-through conv.",
        "db_column": "view_through_conv",
        "data_type": "numeric"
      },
      {
        "csv_header": "account_id",
        "db_column": "account_id"
      }
    ]
  },
  {
    "report": "VIDEO_PERFORMANCE_REPORT",
    "null_as": " --",
    "fields": [
      {
        "csv_header": "Day",
        "db_column": "Date"
      },
      {
        "csv_header": "Account",
        "db_column": "account"
      },
      {
        "csv_header": "Ad group ID",
        "db_column": "ad_group_id"
      },
      {
        "csv_header": "Ad group",
        "db_column": "ad_group"
      },
      {
        "csv_header": "Ad group state",
        "db_column": "ad_group_state"
      },
      {
        "csv_header": "Ad ID",
        "db_column": "ad_id"
      },
      {
        "csv_header": "Ad state",
        "db_column": "ad_state"
      },
      {
        "csv_header": "Campaign ID",
        "db_column": "campaign_id"
      },
      {
        "csv_header": "Campaign",
        "db_column": "campaign"
      },
      {
        "csv_header": "Campaign state",
        "db_column": "campaign_state"
      },
      {
        "csv_header": "Clicks",
        "db_column": "clicks"
      },
      {
        "csv_header": "Conversions",
        "db_column": "conversions"
      },
      {
        "csv_header": "Total conv. value",
        "db_column": "total_conv_value"
      },
      {
        "csv_header": "Cost",
        "db_column": "cost"
      },
      {
        "csv_header": "Engagements",
        "db_column": "engagements"
      },
      {
        "csv_header": "Impressions",
        "db_column": "impressions"
      },
      {
        "csv_header": "Video played to 100%",
        "db_column": "video_played_to_100_percent"
      },
      {
        "csv_header": "Video played to 25%",
        "db_column": "video_played_to_25_percent"
      },
      {
        "csv_header": "Video played to 50%",
        "db_column": "video_played_to_50_percent"
      },
      {
        "csv_header": "Video played to 75%",
        "db_column": "video_played_to_75_percent"
      },
      {
        "csv_header": "Views",
        "db_column": "views"
      },
      {
        "csv_header": "Device",
        "db_column": "device"
      },
      {
        "csv_header": "View-through conv.",
        "db_column": "view_through_conv"
      },
      {
        "csv_header": "Video Channel Id",
        "db_column": "video_channel_id"
      },
      {
        "csv_header": "Video Duration",
        "db_column": "video_duration"
      },
      {
        "csv_header": "Video Id",
        "db_column": "video_id"
      },
      {
        "csv_header": "Video Title",
        "db_column": "video_title"
      },
      {
        "csv_header": "account_id",
        "db_column": "account_id"
      }
    ]
  }
]