[
  {
    "username": "virtustream",
    "password": "123456789",
    "data_sources": [
      {
        "name": "GoogleAds",
        "config_file": "virtustream_googleads_1510229362.json"
      }
    ],
    "delete_n_days": "2",
    "data_destination": [
      {
        "name": "Mssql",
        "active": true,
        "insert_to_db_req": false,
        "_credentials": {
          "aws": {
            "access_key": "AKIAIV4KHSNXRGR37OLQ",
            "secret_key": "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"
          }
        },
        "db_conn_host": "35.154.45.213",
        "db_conn_port": "1433",
        "db_conn_user": "datachannel",
        "db_conn_pass": "DataChannel@123",
        "db_conn_db": "Adwords",
        "db_conn_schema": "dbo"
      }
    ]
  }
]