{
  "client_ID": "1083810417471-gaqa4qg5mk13l55d5hq47c348p8r0jdp.apps.googleusercontent.com",
  "client_secret": "wd9nFY5GXYj3PjevAf8X4TNM",
  "access_token": "ya29.Glu3BQdthifYYgPclnoWt51GC_tmU7UdTae8CnD02BSXFk1w3HcigWofm5GANcMobaugu2MjilYVqcrEKGfFqNcMB5mHqliHqYOItQHhdsg1yj2_g17wXgsLF4CQ",
  "developer_token": "3-nxYrI80gIbeB4GTuhULA",
  "bucket_name": "becker-datachannel",
  "refresh_token": "1/ZGvapuj7se0EcYzDu1qoDF3vZ_c78gFLAnrpUY-oVMVaajtgt35FdAyfkeQzI227",
  "manager_account_id": "128-998-4315",
  "table_prefix": "gad_",
  "reports": [
    {
      "report_id": 1,
      "delete_or_append": "delete",
      "object": "CAMPAIGN_PERFORMANCE_REPORT",
      "report": "CAMPAIGN_PERFORMANCE_REPORT",
      "fields": [
        {
          "field": "Date"
        },
        {
          "field": "AccountDescriptiveName"
        },
        {
          "field": "AdvertisingChannelSubType"
        },
        {
          "field": "AdvertisingChannelType"
        },
        {
          "field": "BaseCampaignId"
        },
        {
          "field": "BiddingStrategyId"
        },
        {
          "field": "BiddingStrategyName"
        },
        {
          "field": "BiddingStrategyType"
        },
        {
          "field": "BudgetId"
        },
        {
          "field": "CampaignId"
        },
        {
          "field": "CampaignName"
        },
        {
          "field": "CampaignStatus"
        },
        {
          "field": "CampaignTrialType"
        },
        {
          "field": "StartDate"
        },
        {
          "field": "EndDate"
        },
        {
          "field": "Labels"
        },
        {
          "field": "TrackingUrlTemplate"
        },
        {
          "field": "UrlCustomParameters"
        },
        {
          "field": "AllConversions"
        },
        {
          "field": "AllConversionValue"
        },
        {
          "field": "AverageFrequency"
        },
        {
          "field": "AveragePageviews"
        },
        {
          "field": "AveragePosition"
        },
        {
          "field": "AverageTimeOnSite"
        },
        {
          "field": "BounceRate"
        },
        {
          "field": "Clicks"
        },
        {
          "field": "Conversions"
        },
        {
          "field": "ConversionValue"
        },
        {
          "field": "Cost"
        },
        {
          "field": "CrossDeviceConversions"
        },
        {
          "field": "Engagements"
        },
        {
          "field": "GmailForwards"
        },
        {
          "field": "GmailSaves"
        },
        {
          "field": "GmailSecondaryClicks"
        },
        {
          "field": "Impressions"
        },
        {
          "field": "InvalidClicks"
        },
        {
          "field": "PercentNewVisitors"
        },
        {
          "field": "VideoQuartile100Rate"
        },
        {
          "field": "VideoQuartile25Rate"
        },
        {
          "field": "VideoQuartile50Rate"
        },
        {
          "field": "VideoQuartile75Rate"
        },
        {
          "field": "VideoViews"
        },
        {
          "field": "ViewThroughConversions"
        }
      ],
      "filters": {
        "ids": [
          {
            "id": 6262207602
          },
          {
            "id": 7870229915
          }
        ]
      },
      "frequency": {
        "name": "days",
        "value": 2
      },
      "cron_string": "0 * * * *"
    },
    {
      "report_id": 2,
      "delete_or_append": "delete",
      "object": "AD_PERFORMANCE_REPORT",
      "report": "AD_PERFORMANCE_REPORT",
      "fields": [
        {
          "field": "Date"
        },
        {
          "field": "Id"
        },
        {
          "field": "AccountDescriptiveName"
        },
        {
          "field": "CampaignId"
        },
        {
          "field": "CampaignName"
        },
        {
          "field": "CampaignStatus"
        },
        {
          "field": "AdGroupId"
        },
        {
          "field": "AdGroupName"
        },
        {
          "field": "AdGroupStatus"
        },
        {
          "field": "AdType"
        },
        {
          "field": "Headline"
        },
        {
          "field": "CriterionId"
        },
        {
          "field": "Labels"
        },
        {
          "field": "Status"
        },
        {
          "field": "ShortHeadline"
        },
        {
          "field": "ImageAdUrl"
        },
        {
          "field": "ImageCreativeName"
        },
        {
          "field": "BounceRate"
        },
        {
          "field": "IsNegative"
        },
        {
          "field": "AllConversions"
        },
        {
          "field": "AllConversionValue"
        },
        {
          "field": "PercentNewVisitors"
        },
        {
          "field": "AveragePosition"
        },
        {
          "field": "AverageTimeOnSite"
        },
        {
          "field": "Clicks"
        },
        {
          "field": "Conversions"
        },
        {
          "field": "ConversionValue"
        },
        {
          "field": "Cost"
        },
        {
          "field": "CrossDeviceConversions"
        },
        {
          "field": "Engagements"
        },
        {
          "field": "Impressions"
        },
        {
          "field": "ValuePerAllConversion"
        },
        {
          "field": "VideoQuartile100Rate"
        },
        {
          "field": "VideoQuartile25Rate"
        },
        {
          "field": "VideoQuartile50Rate"
        },
        {
          "field": "VideoQuartile75Rate"
        },
        {
          "field": "VideoViews"
        },
        {
          "field": "ViewThroughConversions"
        }
      ],
      "filters": {
        "ids": [
          {
            "id": 6262207602
          },
          {
            "id": 7870229915
          }
        ]
      },
      "frequency": {
        "name": "days",
        "value": 1
      },
      "cron_string": "0 * * * *"
    },
    {
      "report_id": 3,
      "delete_or_append": "delete",
      "object": "KEYWORDS_PERFORMANCE_REPORT",
      "report": "KEYWORDS_PERFORMANCE_REPORT",
      "fields": [
        {
          "field": "Date"
        },
        {
          "field": "AccountDescriptiveName"
        },
        {
          "field": "CampaignId"
        },
        {
          "field": "CampaignName"
        },
        {
          "field": "CampaignStatus"
        },
        {
          "field": "AdGroupId"
        },
        {
          "field": "AdGroupName"
        },
        {
          "field": "ApprovalStatus"
        },
        {
          "field": "CpcBid"
        },
        {
          "field": "CpmBid"
        },
        {
          "field": "CreativeQualityScore"
        },
        {
          "field": "Id"
        },
        {
          "field": "Criteria"
        },
        {
          "field": "KeywordMatchType"
        },
        {
          "field": "CriteriaDestinationUrl"
        },
        {
          "field": "EnhancedCpcEnabled"
        },
        {
          "field": "FinalAppUrls"
        },
        {
          "field": "FinalMobileUrls"
        },
        {
          "field": "FinalUrls"
        },
        {
          "field": "FirstPageCpc"
        },
        {
          "field": "FirstPositionCpc"
        },
        {
          "field": "HasQualityScore"
        },
        {
          "field": "IsNegative"
        },
        {
          "field": "Labels"
        },
        {
          "field": "PostClickQualityScore"
        },
        {
          "field": "QualityScore"
        },
        {
          "field": "Status"
        },
        {
          "field": "TopOfPageCpc"
        },
        {
          "field": "TrackingUrlTemplate"
        },
        {
          "field": "UrlCustomParameters"
        },
        {
          "field": "AllConversions"
        },
        {
          "field": "AllConversionValue"
        },
        {
          "field": "AveragePageviews"
        },
        {
          "field": "AveragePosition"
        },
        {
          "field": "AverageTimeOnSite"
        },
        {
          "field": "BounceRate"
        },
        {
          "field": "Clicks"
        },
        {
          "field": "Conversions"
        },
        {
          "field": "ConversionValue"
        },
        {
          "field": "Cost"
        },
        {
          "field": "CrossDeviceConversions"
        },
        {
          "field": "Engagements"
        },
        {
          "field": "GmailForwards"
        },
        {
          "field": "GmailSaves"
        },
        {
          "field": "GmailSecondaryClicks"
        },
        {
          "field": "Impressions"
        },
        {
          "field": "Interactions"
        },
        {
          "field": "PercentNewVisitors"
        },
        {
          "field": "VideoQuartile100Rate"
        },
        {
          "field": "VideoQuartile25Rate"
        },
        {
          "field": "VideoQuartile50Rate"
        },
        {
          "field": "VideoQuartile75Rate"
        },
        {
          "field": "VideoViews"
        },
        {
          "field": "ViewThroughConversions"
        }
      ],
      "filters": {
        "ids": [
          {
            "id": 7550386028
          },
          {
            "id": 1332194239
          },
          {
            "id": 7296871035
          },
          {
            "id": 7573250927
          },
          {
            "id": 8716258840
          },
          {
            "id": 4063995866
          },
          {
            "id": 9407142236
          },
          {
            "id": 5479234740
          },
          {
            "id": 2058803406
          },
          {
            "id": 6747096632
          },
          {
            "id": 1951099467
          },
          {
            "id": 9080548318
          },
          {
            "id": 4141417487
          },
          {
            "id": 2396737187
          },
          {
            "id": 4843337173
          },
          {
            "id": 7812686426
          },
          {
            "id": 6487078711
          },
          {
            "id": 7314987751
          },
          {
            "id": 1195213206
          },
          {
            "id": 9387712826
          },
          {
            "id": 2926524020
          },
          {
            "id": 4929934753
          },
          {
            "id": 9164371171
          },
          {
            "id": 4625396481
          },
          {
            "id": 8932137377
          },
          {
            "id": 1532246516
          },
          {
            "id": 7926865091
          },
          {
            "id": 9452490895
          },
          {
            "id": 6290291593
          },
          {
            "id": 3019035054
          },
          {
            "id": 7920726543
          },
          {
            "id": 9600896831
          },
          {
            "id": 6518399278
          },
          {
            "id": 9188805945
          },
          {
            "id": 4582208945
          },
          {
            "id": 1451945005
          },
          {
            "id": 5267593091
          },
          {
            "id": 5306116201
          },
          {
            "id": 7277320146
          },
          {
            "id": 3165444617
          },
          {
            "id": 4895802282
          },
          {
            "id": 3205599990
          },
          {
            "id": 6157317566
          },
          {
            "id": 9791328739
          },
          {
            "id": 6625080894
          },
          {
            "id": 6726550772
          }
        ]
      },
      "frequency": {
        "name": "days",
        "value": 31
      },
      "cron_string": "0 * * * *"
    },
    {
      "report_id": 4,
      "delete_or_append": "delete",
      "object": "VIDEO_PERFORMANCE_REPORT",
      "report": "VIDEO_PERFORMANCE_REPORT",
      "fields": [
        {
          "field": "Date"
        },
        {
          "field": "AccountDescriptiveName"
        },
        {
          "field": "CampaignId"
        },
        {
          "field": "CampaignName"
        },
        {
          "field": "CampaignStatus"
        },
        {
          "field": "AdGroupId"
        },
        {
          "field": "AdGroupName"
        },
        {
          "field": "AdGroupStatus"
        },
        {
          "field": "CreativeId"
        },
        {
          "field": "CreativeStatus"
        },
        {
          "field": "VideoChannelId"
        },
        {
          "field": "VideoDuration"
        },
        {
          "field": "VideoId"
        },
        {
          "field": "VideoTitle"
        },
        {
          "field": "Device"
        },
        {
          "field": "Clicks"
        },
        {
          "field": "Conversions"
        },
        {
          "field": "ConversionValue"
        },
        {
          "field": "Cost"
        },
        {
          "field": "Engagements"
        },
        {
          "field": "Impressions"
        },
        {
          "field": "VideoQuartile100Rate"
        },
        {
          "field": "VideoQuartile25Rate"
        },
        {
          "field": "VideoQuartile50Rate"
        },
        {
          "field": "VideoQuartile75Rate"
        },
        {
          "field": "VideoViews"
        },
        {
          "field": "ViewThroughConversions"
        }
      ],
      "filters": {
        "ids": [
          {
            "id": 4895802282
          },
          {
            "id": 3205599990
          },
          {
            "id": 6157317566
          },
          {
            "id": 9791328739
          },
          {
            "id": 6625080894
          },
          {
            "id": 6726550772
          }
        ]
      },
      "frequency": {
        "name": "days",
        "value": 1
      },
      "cron_string": "0 * * * *"
    }
  ]
}